drift,agent,label,dyn_regret_mean,dyn_regret_std,stale_ratio,mean_delay,total_firings,DES_minus_this,ci_lo,ci_hi
abrupt,A1,A1 no_switch,27.201012608070503,6.342157586994123,0.0,9.316666666666666,131,-2.6610281651027083,-4.6114197862164135,-0.575181796153257
abrupt,A10,A10 switch=exp3,34.95498774674374,7.420039904203825,0.0658690476190476,8.766666666666667,132,-10.415003303775952,-12.589848526986206,-8.417973995027914
abrupt,A2,A2 no_suppression,81.89233545040747,25.388848739215618,0.027095238095238096,13.975,443,-57.35235100743969,-63.98652532889989,-50.52917036845299
abrupt,A3,A3 no_detector,80.75951619222658,27.879584007586356,0.026809523809523814,,0,-56.219531749258756,-64.3450555526079,-48.86718798929012
abrupt,A4,A4 no_bob,22.357574656789655,5.717572371857344,0.0012857142857142856,8.525,125,2.1824097861781424,0.7196058533768355,4.058309262401471
abrupt,A5,A5 decay_instead,78.5760255230403,32.131621962316984,0.017214285714285717,10.183333333333334,444,-54.03604108007253,-62.52452759417971,-45.87263190555324
abrupt,A6,A6 uncertainty_gain,25.17586633079493,5.751521090879849,0.0017619047619047618,8.825,131,-0.635881887827137,-3.4560734739870713,2.1565382514884335
abrupt,A7,A7 switch=ucb1,40.110535207108576,10.135940086787492,0.06215476190476191,8.808333333333334,144,-15.57055076414079,-18.253380877953692,-13.310648733482902
abrupt,A8,A8 no_pooled,26.10874778730706,5.384245146018543,0.0008095238095238096,9.133333333333333,126,-1.568763344339277,-3.7728185900594813,0.45807020634073997
abrupt,A9,A9 no_gate,25.96547652298535,7.99398528763581,0.009166666666666665,8.8,131,-1.4254920800175666,-3.301185472850078,0.3506345892184248
abrupt,DES-UCB,DES-UCB,24.539984442967793,4.5074240954736275,0.0015357142857142857,8.783333333333333,125,0.0,0.0,0.0
abrupt,DES-UCB[detector=F],V3 detector on F residual,24.11882111076217,5.622635977966477,0.0013214285714285715,8.216666666666667,126,0.4211633322056262,-1.440732175396179,2.294518823429908
abrupt,DES-UCB[detector=mean],V4 detector on mean residual,171.7425151477325,43.97731132033073,0.0016666666666666666,13.475,1397,-147.2025307047647,-157.8844914031495,-136.74113441060922
abrupt,DES-UCB[purge_keep=half],V1 half-window purge,46.519183633907346,19.81408709062826,0.0012619047619047618,9.45,227,-21.979199190939564,-27.33579265025769,-16.571867693519472
abrupt,"DES-UCB[switch=exp3,adaptive_gamma]",V2 EXP3 + adaptive gamma,35.17085254884595,5.901406129868015,0.06447619047619048,8.441666666666666,127,-10.630868105878166,-12.65212691465417,-8.588857182672319
gradual,A1,A1 no_switch,28.606491914836393,3.841510637834664,0.0,183.79166666666666,122,-1.0189004007111362,-2.6329708121258384,0.4097257263243407
gradual,A10,A10 switch=exp3,39.48402975209434,5.542795699929886,0.071,188.89166666666668,130,-11.89643823796909,-13.7957178409888,-9.642528392610723
gradual,A2,A2 no_suppression,67.89138959145052,28.67405909433087,0.035392857142857136,176.225,441,-40.303798077325276,-52.74967253116894,-29.66676380695101
gradual,A3,A3 no_detector,64.76342997922262,23.156673337220376,0.03539285714285714,,0,-37.17583846509736,-47.52646874668266,-27.48727099156443
gradual,A4,A4 no_bob,26.45066685361886,4.747362852307583,0.006023809523809524,164.33333333333334,125,1.1369246605063983,-0.44844601394133554,2.393032492147567
gradual,A5,A5 decay_instead,63.919318026027035,25.55512493628138,0.02698809523809524,178.91666666666666,436,-36.33172651190179,-43.279205145543635,-29.651963165946444
gradual,A6,A6 uncertainty_gain,26.66979715697605,5.104667296790617,0.013916666666666666,181.23529411764707,123,0.9177943571492015,-0.6391737518439283,2.3816614993655336
gradual,A7,A7 switch=ucb1,40.94446148876109,5.7806890513796665,0.06639285714285716,185.33333333333334,122,-13.356869974635833,-14.892059220409703,-11.769509877420614
gradual,A8,A8 no_pooled,27.84722063037771,4.851914480141952,0.00575,188.90833333333333,125,-0.2596291162524585,-1.884621556097917,1.2081863922201048
gradual,A9,A9 no_gate,26.222458351216634,4.711353875169301,0.1105833333333333,172.96666666666667,123,1.3651331629086065,0.30492424424890063,2.72918877453001
gradual,DES-UCB,DES-UCB,27.587591514125258,4.234402778513464,0.016714285714285716,180.975,125,0.0,0.0,0.0
gradual,DES-UCB[detector=F],V3 detector on F residual,27.064812035646806,4.837436670307798,0.013369047619047619,170.76666666666668,124,0.5227794784784456,-0.9609341072983801,2.0311592318847898
gradual,DES-UCB[detector=mean],V4 detector on mean residual,146.95507884651246,40.451584637965276,0.01486904761904762,120.36666666666666,1214,-119.36748733238714,-129.58535060726862,-109.65196222484404
gradual,DES-UCB[purge_keep=half],V1 half-window purge,37.4126326232602,16.243827601129354,0.01488095238095238,185.575,259,-9.82504110913495,-14.717833450692744,-5.595077520243262
gradual,"DES-UCB[switch=exp3,adaptive_gamma]",V2 EXP3 + adaptive gamma,37.77478108391891,6.366265801740724,0.06883333333333333,184.21666666666667,123,-10.187189569793661,-11.648442653068079,-8.71115072235403
