agent,source,round_share,firings,true_detections,repeats,false_alarms,mean_delay,false_alarms_per_1k_rounds
A2,C,0.07838333333333333,33,14,18,1,9.857142857142858,0.070876745339854
A2,F,0.9216166666666666,629,163,201,265,10.38036809815951,1.5974344599767316
A2[detector=F],C,0.07709444444444444,21,16,4,1,12.75,0.07206168480219068
A2[detector=F],F,0.9229055555555555,625,164,205,256,10.085365853658537,1.5410268295178873
A5,C,0.07161111111111111,24,18,5,1,12.0,0.07757951900698215
A5,F,0.9283888888888889,624,162,217,245,10.41358024691358,1.4661001735383878
A9,C,0.3005055555555556,87,87,0,0,9.229885057471265,0.0
A9,F,0.6994944444444444,108,93,15,0,9.225806451612904,0.0
B10,F,0.034666666666666665,11,0,0,11,,1.7628205128205128
B10,P+F,0.9653333333333334,0,0,0,0,,0.0
B11,F,0.5005,180,0,0,180,,1.998001998001998
B11,P+F,0.4995,0,0,0,0,,0.0
B2,P+F,1.0,0,0,0,0,,0.0
B6,F,1.0,180,180,0,0,18.944444444444443,0.0
DES-UCB,C,0.061677777777777776,18,18,0,0,10.0,0.0
DES-UCB,F,0.9383222222222222,171,162,8,1,8.962962962962964,0.005920733223602411
DES-UCB[detector=F],C,0.061266666666666664,10,10,0,0,11.8,0.0
DES-UCB[detector=F],F,0.9387333333333333,178,170,6,2,8.470588235294118,0.011836280567194565
DES-UCB[detector=mean],C,0.061894444444444446,14,14,0,0,9.071428571428571,0.0
DES-UCB[detector=mean],F,0.9381055555555555,2062,166,495,1401,15.168674698795181,8.296863063265802
DES-UCB[purge_keep=half],C,0.06048333333333333,10,9,1,0,10.88888888888889,0.0
DES-UCB[purge_keep=half],F,0.9395166666666667,333,171,100,62,9.678362573099415,0.3666187696983674
"DES-UCB[switch=exp3,adaptive_gamma]",C,0.08686666666666666,4,3,1,0,8.666666666666666,0.0
"DES-UCB[switch=exp3,adaptive_gamma]",F,0.9131333333333334,185,177,7,1,8.977401129943503,0.006084057336156336
