A,B,mean_diff(A-B),ci_lo,ci_hi,cl_lo,cl_hi,seed_lo,seed_hi,n_units,n_seeds,ci_excludes_0,flat_excludes_0
DES-UCB,A2,-54.23928447575212,-59.871632751560675,-48.984853264233664,-61.251148286273974,-46.80515229451462,-67.91112341483644,-40.56744553666782,90,3,True,True
DES-UCB[detector=F],A2[detector=F],-55.82488776623674,-61.55173803636285,-50.287674725661134,-62.75477104989456,-49.40773634517673,-66.25706294476714,-45.392712587706356,90,3,True,True
DES-UCB[detector=F],DES-UCB,-0.7152128781161741,-1.6979257438965678,0.2717434505029912,-2.0606948629573294,0.7047428448679836,-3.2702501917791125,1.8398244355467641,90,3,False,False
DES-UCB,A9,-0.7498418805175372,-2.063839733808125,0.48236072816369496,-2.460652498513884,0.9109536525278421,-3.8105389761689348,2.3108552151338606,90,3,False,False
DES-UCB,DES-UCB[purge_keep=half],-22.214431766264514,-26.160823073588936,-18.250221036494246,-26.724502844005194,-17.97471556548538,-23.628777803540878,-20.800085728988144,90,3,True,True
DES-UCB,"DES-UCB[switch=exp3,adaptive_gamma]",-9.939731249431702,-11.354905148550792,-8.450910263771032,-11.811342668532234,-8.095246555887659,-13.245919714628284,-6.633542784235116,90,3,True,True
DES-UCB,A5,-52.42919415570917,-58.73831386606039,-46.33218691275166,-59.45794623195899,-46.02650972255965,-59.35170738005961,-45.506680931358716,90,3,True,True
DES-UCB,B6,-6.269538528624471,-7.529434390495229,-5.030310567375402,-8.072085772647513,-4.286310508510578,-10.241558478388747,-2.2975185788601933,90,3,True,True
DES-UCB,B10,-140.3831693732538,-149.44047978371665,-131.18612613340153,-153.40919105126002,-129.49358080181378,-160.85598236001158,-119.91035638649608,90,3,True,True
DES-UCB,B11,-58.13014138520152,-61.661388119503094,-54.540699401190395,-61.93337287957608,-54.305339643502286,-62.10537077473794,-54.15491199566508,90,3,True,True
