agent,n_changes,detected,missed,mean_delay,median_delay,false_alarms_per_unit,total_firings
A2,180,180,0,15.75,9.0,2.9555555555555557,662
A2[detector=F],180,180,0,10.322222222222223,8.5,2.8555555555555556,646
A5,180,180,0,10.572222222222223,9.0,2.7333333333333334,648
A9,180,180,0,9.227777777777778,8.0,0.0,195
B10,180,11,169,450.90909090909093,451.0,0.12222222222222222,11
B11,180,180,0,549.0,549.0,2.0,180
B2,180,0,180,,,0.0,0
B6,180,180,0,18.944444444444443,17.0,0.0,180
DES-UCB,180,180,0,9.066666666666666,8.0,0.011111111111111112,189
DES-UCB[detector=F],180,180,0,8.655555555555555,8.0,0.022222222222222223,188
DES-UCB[detector=mean],180,180,0,14.694444444444445,9.0,15.566666666666666,2076
DES-UCB[purge_keep=half],180,180,0,9.738888888888889,8.5,0.6888888888888889,343
"DES-UCB[switch=exp3,adaptive_gamma]",180,180,0,8.972222222222221,8.0,0.011111111111111112,189
