drift,agent,dyn_regret_mean,dyn_regret_std,recovery_time,mean_reward@10,mean_reward@20,mean_reward@50
none,B1,8.00561136593727,1.6209447934480683,,0.18688119848014115,0.2667934141728617,0.36099682103928465
none,B10,20.91008120685896,3.7648429046840417,,0.4481479221362068,0.44371891955931225,0.44826676410164124
none,B11,8.97625096277791,1.4835685026071257,,0.4577878010723923,0.4550777820451402,0.45713563026154447
none,B2,1.6260275631129573,0.42153148437061344,,0.4577878010723923,0.4550777820451402,0.45713563026154447
none,B3,14.41438109575171,2.1517646477337316,,0.18688119848014115,0.2667934141728617,0.36099682103928465
none,B4,12.568209637416762,2.57977365849712,,0.18688119848014115,0.2667934141728617,0.36099682103928465
none,B5,11.085970831995102,1.8739781045485089,,0.18753630864913856,0.26653145989034066,0.3611191584127416
none,B6,8.00561136593727,1.6209447934480683,,0.18688119848014115,0.2667934141728617,0.36099682103928465
none,B7,6.631630727347838,3.1116044493666157,,0.4577919474565108,0.45480331784321826,0.45658949326440407
none,B8,912.4493405934284,32.78674141119164,,0.0016554872138735217,-0.006342746194362597,-0.002107087393605473
none,B9,0.0,0.0,,0.461379706851381,0.4585642977163971,0.4599721443407639
none,DES-UCB,2.040436752556865,1.3868331198015968,,0.4577878010723923,0.4550777820451402,0.45713563026154447
abrupt,B1,130.8616644222771,39.71125019918529,886.8333333333334,0.19555465651360998,0.26977356267227015,0.3621554139869968
abrupt,B10,165.9555107833817,43.74269511068581,543.9166666666666,0.4471489713676715,0.44533998785975676,0.450076716432232
abrupt,B11,83.45299842026387,16.000715678079697,424.4,0.4569748063778752,0.45683018928909047,0.4590442382069798
abrupt,B2,145.71198579187876,45.46703286913937,971.3,0.4569748063778752,0.45683018928909047,0.4590442382069798
abrupt,B3,34.097858100703334,5.6709432922714536,131.68333333333334,0.19555465651360998,0.26977356267227015,0.3621554139869968
abrupt,B4,80.98314749879482,26.820956477873324,246.45,0.19555465651360998,0.26977356267227015,0.3621554139869968
abrupt,B5,40.87379947164412,8.977996028653155,199.95,0.19555465651360998,0.2697319248478985,0.3614903615777313
abrupt,B6,30.692584431289347,4.6317700311644225,116.0,0.19555465651360998,0.26977356267227015,0.3621554139869968
abrupt,B7,370.1355161447549,89.58056423823784,980.0,0.4570976715690759,0.4567505900153737,0.4585796174443539
abrupt,B8,1248.8659766598355,135.00315183497477,53.416666666666664,-9.331528616034874e-05,-0.004941896687010563,-0.00011609465923652253
abrupt,B9,0.0,0.0,0.0,0.4596309043513472,0.4599651472237492,0.4619631370751328
abrupt,DES-UCB,24.539984442967793,4.5074240954736275,108.91666666666667,0.4569748063778752,0.45683018928909047,0.4590442382069798
gradual,B1,117.01655263237735,37.06119245518637,3.7333333333333334,0.19555465651360998,0.26977356267227015,0.3621554139869968
gradual,B10,145.2112587047257,40.85626645051849,4.1,0.4471489713676715,0.44533998785975676,0.450076716432232
gradual,B11,62.24010380303475,11.144084199566137,11.95,0.4569748063778752,0.45683018928909047,0.4590442382069798
gradual,B2,128.90397538846466,40.72364842371101,25.583333333333332,0.4569748063778752,0.45683018928909047,0.4590442382069798
gradual,B3,21.67701354748084,3.120845408221242,9.533333333333333,0.19555465651360998,0.26977356267227015,0.3621554139869968
gradual,B4,68.06373858333545,24.01755492055862,15.333333333333334,0.19555465651360998,0.26977356267227015,0.3621554139869968
gradual,B5,29.6834828382143,6.803802955355333,12.633333333333333,0.19555465651360998,0.2697319248478985,0.3614903615777313
gradual,B6,33.85472510961533,4.470099920406329,3.7333333333333334,0.19555465651360998,0.26977356267227015,0.3621554139869968
gradual,B7,304.8990427785303,72.56380232373853,4.7,0.4570976715690759,0.4567505900153737,0.4585796174443539
gradual,B8,1186.3035712196863,122.98794661104037,0.5833333333333334,-9.331528616034966e-05,-0.004941896687010563,-0.00011609465923652286
gradual,B9,0.0,0.0,0.0,0.4596309043513472,0.4599651472237492,0.4619631370751328
gradual,DES-UCB,27.587591514125258,4.234402778513464,13.25,0.4569748063778752,0.45683018928909047,0.4590442382069798
recurring,B1,91.78625617979984,26.195685393907322,732.55,0.18688119848014115,0.2667934141728617,0.36099682103928465
recurring,B10,116.80711717025666,26.31406302754187,359.9,0.4481479221362068,0.44371891955931225,0.44826676410164124
recurring,B11,100.41077880435633,28.422250791194422,550.1166666666667,0.4577878010723923,0.4550777820451402,0.45713563026154447
recurring,B2,96.35017160651104,27.3541373848774,1052.0333333333333,0.4577878010723923,0.4550777820451402,0.45713563026154447
recurring,B3,49.641984552024006,11.075326198023161,127.16666666666667,0.18688119848014115,0.2667934141728617,0.36099682103928465
recurring,B4,74.37611991731086,21.449648392039617,240.43333333333334,0.18688119848014115,0.2667934141728617,0.36099682103928465
recurring,B5,57.32886773746839,13.961797621925328,205.26666666666668,0.18753630864913856,0.26653145989034066,0.3611191584127416
recurring,B6,39.6301757958519,5.281094510553903,98.23333333333333,0.18688119848014115,0.2667934141728617,0.36099682103928465
recurring,B7,188.98438629458835,39.829271664972886,418.98333333333335,0.4577919474565108,0.45480331784321826,0.45658949326440407
recurring,B8,1073.9947783037744,95.58138502402689,21.783333333333335,0.0016554872138735215,-0.006342746194362596,-0.0021070873936054734
recurring,B9,0.0,0.0,0.0,0.461379706851381,0.4585642977163971,0.4599721443407639
recurring,DES-UCB,30.81801626123022,4.767089821508876,126.45,0.4577878010723923,0.4550777820451402,0.45713563026154447
incremental,B1,21.644632926833072,4.715435695152662,,0.17217006934885998,0.261343383981805,0.3574969727948541
incremental,B10,37.80244033192354,6.094442569537744,,0.4467179618808461,0.4473911790470454,0.4486470722349484
incremental,B11,17.015359095687494,2.6083520303213157,,0.45657772972898303,0.45899171056004257,0.45755805474549177
incremental,B2,18.375113772715405,5.454973854031562,,0.45657772972898303,0.45899171056004257,0.45755805474549177
incremental,B3,17.319325339130174,2.1414661988956327,,0.17217006934885998,0.261343383981805,0.3574969727948541
incremental,B4,21.072751081922043,3.458779091648707,,0.17217006934885998,0.261343383981805,0.3574969727948541
incremental,B5,14.945581959063514,2.0964351067008136,,0.17422671850852356,0.26049784623699734,0.35713431058826445
incremental,B6,23.068639530601963,4.841277315237165,,0.17217006934885998,0.261343383981805,0.3574969727948541
incremental,B7,47.57769385054743,15.971432973756409,,0.4569925383117454,0.4592664922541392,0.4574658783827164
incremental,B8,942.3699893520857,69.07409356665407,,0.0002481013400079085,-0.0021831460821041516,-0.0005820523049101716
incremental,B9,0.0,0.0,,0.45963450108634285,0.46241335399481914,0.4613202712045216
incremental,DES-UCB,17.089557412824547,4.506167378792725,,0.45657772972898303,0.45899171056004257,0.45755805474549177
sinusoidal,B1,198.59142574183014,22.449817438602153,,0.18571992343833374,0.26018222700033145,0.3674965544860815
sinusoidal,B10,206.4095425206967,20.329932777332637,,0.44687176999354516,0.4421720293190024,0.4462306920380947
sinusoidal,B11,200.4595247077439,20.83578747470027,,0.4564740293682714,0.45322110787179914,0.45477733456526137
sinusoidal,B2,187.47090871202633,20.679602089778196,,0.4564740293682714,0.45322110787179914,0.45477733456526137
sinusoidal,B3,201.59927682162638,17.48345022669148,,0.18571992343833374,0.26018222700033145,0.3674965544860815
sinusoidal,B4,186.20920891358426,28.795066854969463,,0.18571992343833374,0.26018222700033145,0.3674965544860815
sinusoidal,B5,168.33319165485256,15.75552903597478,,0.1844816688642937,0.25957952558520037,0.36651315626820274
sinusoidal,B6,98.30389880440633,9.91597884454503,,0.18571992343833374,0.26018222700033145,0.3674965544860815
sinusoidal,B7,188.72890993626532,20.672175819480948,,0.4565355580541927,0.4527393892323073,0.45063389612397464
sinusoidal,B8,1095.0863514230473,37.33509803991699,,0.0015934132388227271,-0.005812207589836756,-0.002414099929272328
sinusoidal,B9,0.0,0.0,,0.4608803268371729,0.4605618899338873,0.4783353257560665
sinusoidal,DES-UCB,94.46632359506447,10.841567928377716,,0.4564740293682714,0.45322110787179914,0.45477733456526137
