dataset,protocol,agent,cum_precision@5,cum_precision@10,cum_precision@20,cum_precision@40,offline_regret,n_units,n_seeds,n_users,cum_recall@T
ml-100k,A,A2,0.7279279279279279,0.6981981981981982,0.6648648648648648,0.6434684684684684,14.144144144144144,111,3,37,0.24601893541043346
ml-100k,A,A5,0.7279279279279279,0.69009009009009,0.6585585585585585,0.6416666666666666,14.315315315315315,111,3,37,0.24353353990844087
ml-100k,A,A9,0.7279279279279279,0.6891891891891891,0.65,0.6319819819819821,14.702702702702704,111,3,37,0.23988967628624164
ml-100k,A,B1,0.6666666666666666,0.6432432432432433,0.6477477477477478,0.6405405405405404,14.378378378378379,111,3,37,0.24408229000875167
ml-100k,A,B10,0.7225225225225226,0.7063063063063063,0.6675675675675675,0.6452702702702703,14.0990990990991,111,3,37,0.24559758614396973
ml-100k,A,B11,0.7279279279279279,0.7072072072072072,0.6680180180180181,0.645945945945946,14.072072072072071,111,3,37,0.24618866814358817
ml-100k,A,B2,0.7279279279279279,0.7072072072072072,0.6680180180180181,0.645945945945946,14.072072072072071,111,3,37,0.24618866814358817
ml-100k,A,B4,0.6666666666666666,0.6432432432432433,0.6423423423423423,0.6256756756756757,14.972972972972974,111,3,37,0.2371616411881527
ml-100k,A,B6,0.6666666666666666,0.6441441441441441,0.6441441441441441,0.6382882882882882,14.468468468468469,111,3,37,0.24264991182255458
ml-100k,A,B7,0.7279279279279279,0.6936936936936937,0.6621621621621622,0.6364864864864865,14.45045045045045,111,3,37,0.2444704493613449
ml-100k,A,B8,0.5873873873873874,0.5972972972972973,0.5842342342342342,0.5756756756756757,16.972972972972972,111,3,37,0.2185268949248631
ml-100k,A,DES-UCB,0.7279279279279279,0.681981981981982,0.6427927927927928,0.6272522522522522,14.90990990990991,111,3,37,0.23796701341155896
ml-100k,B,A2,0.8936936936936937,0.827927927927928,0.7855855855855857,0.7148648648648648,11.35135135135135,111,3,37,0.27299731333751687
ml-100k,B,A5,0.8936936936936937,0.8225225225225224,0.7657657657657657,0.6986486486486486,12.054054054054054,111,3,37,0.2670330952615154
ml-100k,B,A9,0.8936936936936937,0.8027027027027026,0.7531531531531531,0.68490990990991,12.522522522522523,111,3,37,0.2598463790947949
ml-100k,B,B1,0.6828828828828829,0.6837837837837838,0.6815315315315316,0.6470720720720721,14.117117117117116,111,3,37,0.24489867312341465
ml-100k,B,B10,0.8918918918918919,0.8477477477477477,0.8013513513513514,0.7200450450450451,11.126126126126126,111,3,37,0.27618344929108435
ml-100k,B,B11,0.8936936936936937,0.854054054054054,0.8045045045045045,0.7236486486486486,10.972972972972974,111,3,37,0.2778174783502043
ml-100k,B,B2,0.8936936936936937,0.854054054054054,0.8045045045045045,0.7236486486486486,10.972972972972974,111,3,37,0.2778174783502043
ml-100k,B,B4,0.6828828828828829,0.6837837837837838,0.6707207207207208,0.6349099099099098,14.603603603603604,111,3,37,0.24071974151864958
ml-100k,B,B6,0.6828828828828829,0.681981981981982,0.6797297297297298,0.6423423423423423,14.306306306306306,111,3,37,0.24238355943113363
ml-100k,B,B7,0.8900900900900901,0.8567567567567567,0.8058558558558558,0.722972972972973,11.036036036036036,111,3,37,0.2785118232515789
ml-100k,B,B8,0.6108108108108108,0.6180180180180179,0.6081081081081081,0.5702702702702702,17.18918918918919,111,3,37,0.2159193961668336
ml-100k,B,DES-UCB,0.8936936936936937,0.7999999999999999,0.7387387387387387,0.6786036036036036,12.792792792792794,111,3,37,0.25788271203812146
ml-100k,C,A2,0.7045045045045045,0.672972972972973,0.654054054054054,0.6405405405405404,14.333333333333334,111,3,37,0.2433824680645326
ml-100k,C,A5,0.7045045045045045,0.6738738738738739,0.6513513513513514,0.6385135135135135,14.441441441441441,111,3,37,0.2426082284129831
ml-100k,C,A9,0.7045045045045045,0.681081081081081,0.6436936936936937,0.6254504504504504,14.963963963963964,111,3,37,0.2371702558613972
ml-100k,C,B1,0.6666666666666666,0.6432432432432433,0.6477477477477478,0.6405405405405404,14.378378378378379,111,3,37,0.24408229000875167
ml-100k,C,B10,0.6990990990990991,0.681081081081081,0.654054054054054,0.6403153153153154,14.387387387387387,111,3,37,0.2434003420181479
ml-100k,C,B11,0.7045045045045045,0.681081081081081,0.6567567567567568,0.6416666666666666,14.333333333333334,111,3,37,0.24398134209293013
ml-100k,C,B2,0.7045045045045045,0.681081081081081,0.6567567567567568,0.6416666666666666,14.333333333333334,111,3,37,0.24398134209293013
ml-100k,C,B4,0.6666666666666666,0.6432432432432433,0.6423423423423423,0.6256756756756757,14.972972972972974,111,3,37,0.2371616411881527
ml-100k,C,B6,0.6666666666666666,0.6441441441441441,0.6441441441441441,0.6382882882882882,14.468468468468469,111,3,37,0.24264991182255458
ml-100k,C,B7,0.7063063063063063,0.681081081081081,0.6522522522522523,0.6310810810810811,14.756756756756756,111,3,37,0.2417194989379147
ml-100k,C,B8,0.5873873873873874,0.5972972972972973,0.5842342342342342,0.5756756756756757,16.972972972972972,111,3,37,0.2185268949248631
ml-100k,C,DES-UCB,0.7045045045045045,0.6765765765765765,0.6486486486486487,0.6274774774774775,14.9009009009009,111,3,37,0.23837149389173692
ml-1m,A,A2,0.752542372881356,0.724406779661017,0.6992090395480225,0.6801977401129944,12.68813559322034,885,3,295,0.22748621850635842
ml-1m,A,A5,0.752542372881356,0.7261016949152542,0.7002824858757062,0.6769774011299435,12.819209039548022,885,3,295,0.22640136438506087
ml-1m,A,A9,0.752542372881356,0.7206779661016949,0.691864406779661,0.6733898305084747,12.966101694915254,885,3,295,0.2246568237717643
ml-1m,A,B1,0.6969491525423729,0.6877966101694916,0.6803389830508475,0.6724576271186441,13.036158192090396,885,3,295,0.22542078738357524
ml-1m,A,B10,0.752090395480226,0.7299435028248588,0.7063841807909604,0.6853954802259887,12.412429378531073,885,3,295,0.22876913194841306
ml-1m,A,B11,0.752542372881356,0.7322033898305085,0.7077401129943504,0.6865536723163842,12.380790960451977,885,3,295,0.22916362167743265
ml-1m,A,B2,0.752542372881356,0.7322033898305085,0.7077401129943504,0.6865536723163842,12.380790960451977,885,3,295,0.22916362167743265
ml-1m,A,B4,0.6969491525423729,0.6877966101694916,0.6742937853107345,0.6622598870056497,13.4045197740113,885,3,295,0.2214636564711882
ml-1m,A,B6,0.6969491525423729,0.6888135593220339,0.6802824858757062,0.6709322033898305,13.106214689265537,885,3,295,0.22455182476495264
ml-1m,A,B7,0.7480225988700565,0.7277966101694916,0.6992090395480225,0.6759322033898305,12.846327683615819,885,3,295,0.2252123907680307
ml-1m,A,B8,0.6183050847457627,0.6190960451977401,0.6145762711864406,0.611045197740113,15.511864406779662,885,3,295,0.20249430863427786
ml-1m,A,DES-UCB,0.752542372881356,0.7201129943502824,0.6931638418079097,0.6705084745762712,13.117514124293786,885,3,295,0.22399722503805908
ml-1m,B,A2,0.8849717514124295,0.8312994350282487,0.7905084745762712,0.7407344632768361,10.106214689265537,885,3,295,0.24795223414830886
ml-1m,B,A5,0.8849717514124295,0.8248587570621468,0.7750282485875706,0.7230790960451977,10.854237288135593,885,3,295,0.24304008941918237
ml-1m,B,A9,0.8849717514124295,0.8161581920903954,0.7663841807909605,0.7185310734463276,10.970621468926554,885,3,295,0.24086614161218056
ml-1m,B,B1,0.7312994350282487,0.7175141242937854,0.7118079096045198,0.6865819209039548,12.398870056497175,885,3,295,0.23103352089048426
ml-1m,B,B10,0.8820338983050847,0.8428248587570621,0.8009604519774012,0.7471468926553673,9.777401129943502,885,3,295,0.2508398924760644
ml-1m,B,B11,0.8849717514124295,0.8473446327683616,0.8042937853107344,0.7493785310734464,9.69039548022599,885,3,295,0.2515652153248244
ml-1m,B,B2,0.8849717514124295,0.8473446327683616,0.8042937853107344,0.7493785310734464,9.69039548022599,885,3,295,0.2515652153248244
ml-1m,B,B4,0.7312994350282487,0.7175141242937854,0.7083615819209039,0.6769774011299435,12.766101694915255,885,3,295,0.22737323535571613
ml-1m,B,B6,0.7312994350282487,0.7172881355932202,0.7112429378531074,0.6853107344632768,12.449717514124293,885,3,295,0.23034955042584448
ml-1m,B,B7,0.8854237288135594,0.8477966101694915,0.8052542372881356,0.7461299435028249,9.813559322033898,885,3,295,0.2500780039186523
ml-1m,B,B8,0.6526553672316384,0.6465536723163843,0.6459322033898305,0.6118079096045198,15.456497175141243,885,3,295,0.20278278893948207
ml-1m,B,DES-UCB,0.8849717514124295,0.8145762711864406,0.764406779661017,0.7179378531073446,11.016949152542374,885,3,295,0.24037145549314273
ml-1m,C,A2,0.7394350282485875,0.7197740112994351,0.6976836158192091,0.678728813559322,12.749152542372881,885,3,295,0.22665093601225383
ml-1m,C,A5,0.7394350282485875,0.7220338983050848,0.6979661016949154,0.6744067796610169,12.91186440677966,885,3,295,0.22524901834481983
ml-1m,C,A9,0.7394350282485875,0.7135593220338983,0.6914124293785311,0.6716949152542373,13.010169491525424,885,3,295,0.22436437230523343
ml-1m,C,B1,0.6969491525423729,0.6877966101694916,0.6803389830508475,0.6724576271186441,13.036158192090396,885,3,295,0.22542078738357524
ml-1m,C,B10,0.7383050847457627,0.7254237288135593,0.7022033898305086,0.6822316384180791,12.566101694915254,885,3,295,0.22760461200902765
ml-1m,C,B11,0.7394350282485875,0.7273446327683616,0.7033898305084746,0.6828248587570621,12.551412429378532,885,3,295,0.2277282829997158
ml-1m,C,B2,0.7394350282485875,0.7273446327683616,0.7033898305084746,0.6828248587570621,12.551412429378532,885,3,295,0.2277282829997158
ml-1m,C,B4,0.6969491525423729,0.6877966101694916,0.6742937853107345,0.6622598870056497,13.4045197740113,885,3,295,0.2214636564711882
ml-1m,C,B6,0.6969491525423729,0.6888135593220339,0.6802824858757062,0.6709322033898305,13.106214689265537,885,3,295,0.22455182476495264
ml-1m,C,B7,0.7367231638418079,0.7203389830508474,0.6952542372881355,0.6705649717514125,13.091525423728813,885,3,295,0.2234492890837904
ml-1m,C,B8,0.6183050847457627,0.6190960451977401,0.6145762711864406,0.611045197740113,15.511864406779662,885,3,295,0.20249430863427786
ml-1m,C,DES-UCB,0.7394350282485875,0.7141242937853107,0.6900564971751413,0.6688418079096045,13.161581920903954,885,3,295,0.22310330011937066
mind,chrono,A2,0.1326241134751773,0.13652482269503546,0.12890070921985816,,17.421985815602838,282,3,94,
mind,chrono,A5,0.1347517730496454,0.1400709219858156,0.1331560283687943,,17.336879432624112,282,3,94,
mind,chrono,A9,0.12978723404255318,0.12801418439716314,0.11578014184397163,,17.68439716312057,282,3,94,
mind,chrono,B1,0.11702127659574468,0.1340425531914894,0.13776595744680853,,17.24468085106383,282,3,94,
mind,chrono,B10,0.12198581560283688,0.13226950354609932,0.12730496453900708,,17.45390070921986,282,3,94,
mind,chrono,B11,0.12269503546099292,0.1319148936170213,0.12978723404255318,,17.404255319148938,282,3,94,
mind,chrono,B2,0.12269503546099292,0.1319148936170213,0.12978723404255318,,17.404255319148938,282,3,94,
mind,chrono,B4,0.11702127659574468,0.1347517730496454,0.12943262411347517,,17.411347517730498,282,3,94,
mind,chrono,B6,0.11702127659574468,0.13085106382978723,0.12606382978723404,,17.47872340425532,282,3,94,
mind,chrono,B7,0.11205673758865249,0.11914893617021277,0.11666666666666667,,17.666666666666668,282,3,94,
mind,chrono,B8,0.11560283687943262,0.10921985815602837,0.11507092198581562,,17.69858156028369,282,3,94,
mind,chrono,DES-UCB,0.1276595744680851,0.12411347517730496,0.11294326241134753,,17.74113475177305,282,3,94,
