phase,post<=30,post<=30,post<=30,post<=30,post>30,post>30,post>30,post>30,pre,pre,pre,pre,total
src,C,F,P+F,forced,C,F,P+F,forced,C,F,P+F,forced,
agent,,,,,,,,,,,,,
A2,0.9702798319796729,1.098515754274967,0.0,7.344812636790503,9.015600067222808,7.495174582885479,0.0,52.00412035524773,0.31849019323852124,0.02316189676847051,0.0,0.6359621652685624,78.90611748367671
A2[detector=F],0.7970519956893434,0.8553234169782999,0.0,7.8508137596121905,8.362993476898167,7.17436296668092,0.0,53.74464800937689,0.31360155352157026,0.042245793543149834,0.0,0.6354669237446257,79.77650789604515
A5,0.6293759779006661,0.20819553855880965,0.0,8.51270928355921,3.6959875026570868,1.1199859960230727,0.0,61.924354472171316,0.3058317480993052,0.06217723179732088,0.0,0.6374094128669632,77.09602716363376
A9,1.7840065408594339,1.4442578233520882,0.0,10.991913367907902,0.27912333564353614,5.15892184354776,0.0,4.742477186518363,0.8004140632470548,0.07147218913426004,0.0,0.14408853823172835,25.416674888442124
B10,0.0,0.1958820343502693,10.22463574311908,0.870209231777362,0.0,2.309479102685904,125.80142224315276,19.339325662476842,0.0,0.0,0.9338249021087605,5.375223461507431,165.05000238117844
B11,0.0,3.901000651944713,5.212194347833394,0.0,0.0,31.373721786008936,41.35369085558422,0.0,0.0,0.0,0.9563667517548368,0.0,82.7969743931261
B2,0.0,0.0,10.724684044384949,0.0,0.0,0.0,134.16782088328867,0.0,0.0,0.0,0.9563667517548368,0.0,145.84887167942847
B6,0.0,13.095735051207498,0.0,0.0,0.0,10.6078973692817,0.0,0.0,0.0,7.232739116059862,0.0,0.0,30.93637153654906
DES-UCB,0.2824673832098555,0.3673388823876553,0.0,13.339797311982382,0.21556816188728892,3.461494690398711,0.0,6.015043260139258,0.32017482087202837,0.032773175272694015,0.0,0.6321753217747149,24.666833007924588
DES-UCB[detector=F],0.18533458539052142,0.3806459116422199,0.0,13.307858880396362,0.2249888522547383,3.599435348078745,0.0,5.256723196911602,0.31428692789736323,0.04255614878563033,0.0,0.6397902784512324,23.95162012980842
DES-UCB[detector=mean],0.26732706636028897,0.5411207921711275,0.0,13.246585362737374,0.24276278313218785,3.4080849030635996,0.0,150.8824542345805,0.31206655046375237,0.02088630378152266,0.0,0.6430220632469987,169.56431005953735
DES-UCB[purge_keep=half],0.194074037039726,0.35275303915949513,0.0,8.236620734165152,0.2688633882456966,6.5105470972823944,0.0,30.30731312877468,0.31318114925486906,0.057784151624650455,0.0,0.6401280486424343,46.88126477418909
"DES-UCB[switch=exp3,adaptive_gamma]",0.15003311491050234,0.48899687851218154,0.0,13.466383631244465,9.965862961897734,2.6328372177095223,0.0,5.7863446394253835,0.15444282681489893,1.3346071021072434,0.0,0.627055884734357,34.60656425735628
