dataset,agent,replay_reward,matched_rounds,n_segments,n_seeds
kuairand,A2,0.2014410268830225,16516.0,10,3
kuairand,A5,0.19151257956956655,16495.0,10,3
kuairand,A9,0.18118805861251291,16447.0,10,3
kuairand,B1,0.18811703464369053,16713.0,10,3
kuairand,B10,0.2155284649070896,16898.0,10,3
kuairand,B11,0.21626420454545456,16896.0,10,3
kuairand,B2,0.21626420454545456,16896.0,10,3
kuairand,B4,0.18442174388909158,16446.0,10,3
kuairand,B6,0.17864326202230754,16407.0,10,3
kuairand,B8,0.17628282341604432,16604.0,10,3
kuairand,DES-UCB,0.18110808356039965,16515.0,10,3
