agent,active_source,n_rounds,mean_gain,P(gain>0),mean_policy_gap_active_minus_other,P(active arm better),sign_agreement,spearman_rho
A2,C,9609,-0.026554758653429447,0.46831095847642834,-0.04767378838464249,0.5846602143823498,0.6141117702154231,0.254237460416874
A2,F,27565,0.4877271908961978,0.8387810629421367,0.1607810808778746,0.8595320152367132,0.7907491384001452,0.10868124297864862
A2[detector=F],C,9377,-0.01767328130542955,0.47947104617681563,-0.04213342983397659,0.5946464754185774,0.6177882051828943,0.24647048504800165
A2[detector=F],F,26990,0.4865575905231154,0.8382363838458688,0.1609641899069435,0.8585402000741015,0.7901444979622082,0.1023776413314462
A5,C,8390,0.0184439744560305,0.5076281287246722,-0.0037334128339790848,0.6591179976162098,0.5765196662693683,0.15039282874551502
A5,F,3480,0.16949940507347702,0.6948275862068966,0.05011188507197382,0.657183908045977,0.6508620689655172,0.12573728189942301
A9,C,49591,0.022684379964478224,0.5383234861164324,0.0044292246291761,0.1044544372970902,0.567584287039901,0.09028680695436873
A9,F,116448,0.21941464603570265,0.6626906430338005,0.027217562469930786,0.23084982137949986,0.6988155668358714,0.18324666884362092
DES-UCB,C,6602,0.059900410569814315,0.5725537715843684,0.03518792327850468,0.8065737655255983,0.5687670402908209,0.08883608027049121
DES-UCB,F,31718,0.36168082320962247,0.7448136704710259,0.09909611278541268,0.8424238602686172,0.6949366290434453,0.17854821467934642
DES-UCB[detector=F],C,6528,0.05922170163572272,0.5719975490196079,0.03467926755995047,0.8053002450980392,0.5715379901960784,0.08663167768373382
DES-UCB[detector=F],F,31939,0.356313657122664,0.741319390087354,0.09875383106902766,0.83941263032656,0.6985190519427659,0.1840723671844909
DES-UCB[detector=mean],C,6641,0.05805657635541614,0.570396024695076,0.03487987656192694,0.8062038849570847,0.5627164583647041,0.07867147645918389
DES-UCB[detector=mean],F,19142,0.46438811260734086,0.8093198202904608,0.1433818642341326,0.8529411764705882,0.7555636819559085,0.12793062750993378
DES-UCB[purge_keep=half],C,6387,0.05593917248957865,0.5678722404884923,0.033882042779850075,0.8016283074996086,0.5655237200563645,0.08149851172714423
DES-UCB[purge_keep=half],F,27273,0.3835867792433953,0.7869687969786969,0.12561319881679558,0.8395849374839585,0.7424925750742493,0.11932425162981462
"DES-UCB[switch=exp3,adaptive_gamma]",C,11136,-0.091334528622072,0.44288793103448276,-0.061840978408329576,0.3457255747126437,0.592492816091954,0.22409957368808464
"DES-UCB[switch=exp3,adaptive_gamma]",F,27131,0.3387230435921175,0.7270281228115439,0.08356848667504542,0.7673878589067856,0.6896170432346762,0.2679853417061929
