knob,value,tag,regret_DES-UCB,regret_A2,regret_B2,regret_B4,stale_DES,stale_A2,DES_minus_A2,ci_lo,ci_hi
p_mismatch,0.0,pre_drift=F,31.3499757210498,59.17262163134322,128.05273294050846,61.063619342532874,0.0,0.0,-27.82264591029343,-33.21492861479005,-22.67741793149828
p_mismatch,0.2,pre_drift=F,36.45872074480744,64.19712919120785,145.06363726279375,61.063619342532874,0.0,0.0,-27.73840844640043,-33.63017489041098,-22.6209223428068
p_mismatch,0.5,pre_drift=F,38.69063089985183,66.19421243932031,155.40120533265912,61.063619342532874,0.0,0.0,-27.503581539468467,-33.386333918903915,-22.14433953439321
p_mismatch,0.8,pre_drift=F,43.85773261745825,70.84193520776302,173.8097039759902,61.063619342532874,0.0,0.0,-26.98420259030479,-31.62668852123294,-22.34329381740666
magnitude,0.25,pre_drift=F,21.153447694221136,17.503778184428306,43.360895768705326,15.666261254401496,0.0,0.00020370370370370372,3.6496695097928344,2.930690004472098,4.3575605094912095
magnitude,0.5,pre_drift=F,29.81886560377413,29.622389155822912,64.26652004594614,27.568914643440774,0.0,0.002,0.19647644795122007,-1.782876637375069,1.9221453404545175
magnitude,1.0,pre_drift=F,31.3499757210498,59.17262163134322,128.05273294050846,61.063619342532874,0.0,0.0,-27.82264591029343,-33.21492861479005,-22.67741793149828
magnitude,2.0,pre_drift=F,50.80526500561777,130.43401569634958,253.74251020509186,128.5158923730591,0.0,0.0,-79.62875069073183,-95.74399189880519,-64.80043935499464
magnitude,0.25,pre_drift=T,10.684006011057,8.905175171636394,9.214909795130495,15.666261254401496,0.1031851851851852,0.10205555555555555,1.778830839420604,1.1834945798265728,2.418804863406292
magnitude,0.5,pre_drift=T,21.194808195394085,23.433326977281084,30.853243808566393,27.568914643440774,0.022388888888888892,0.0549074074074074,-2.2385187818870085,-4.184698110632026,-0.43635878283173246
magnitude,1.0,pre_drift=T,22.95311169192224,59.86027879540909,96.97613564135072,61.063619342532874,0.002592592592592592,0.038351851851851845,-36.90716710348683,-42.22487658683101,-31.86362619066436
magnitude,2.0,pre_drift=T,41.39551284759571,133.5946338258793,226.08089371284387,128.5158923730591,0.0007037037037037037,0.04240740740740741,-92.19912097828359,-105.14601694325083,-79.21101247043289
sigma_prior,0.05,pre_drift=T,22.748721634309664,60.56781536200151,96.56881607638007,61.063619342532874,0.002574074074074074,0.04031481481481482,-37.81909372769185,-43.20161711861664,-32.51298131699729
sigma_prior,0.1,pre_drift=T,22.95311169192224,59.86027879540909,96.97613564135072,61.063619342532874,0.002592592592592592,0.038351851851851845,-36.90716710348683,-42.22487658683101,-31.86362619066436
sigma_prior,0.3,pre_drift=T,26.850685466268704,59.751555350064315,101.75473773042641,61.063619342532874,0.001648148148148148,0.010166666666666666,-32.90086988379561,-38.095487879589605,-28.035931631363667
sigma_prior,1.0,pre_drift=T,31.571445970494004,62.597240453087345,134.9054601788306,61.063619342532874,0.0,0.0,-31.02579448259336,-36.58737218893541,-25.62169871155603
burn_in_B,0.0,pre_drift=T,22.95311169192224,59.86027879540909,96.97613564135072,61.063619342532874,0.002592592592592592,0.038351851851851845,-36.90716710348683,-42.22487658683101,-31.86362619066436
burn_in_B,10.0,pre_drift=T,22.95311169192224,59.86027879540909,96.97613564135072,61.063619342532874,0.002592592592592592,0.038351851851851845,-36.90716710348683,-42.22487658683101,-31.86362619066436
burn_in_B,30.0,pre_drift=T,22.95311169192224,59.86027879540909,96.97613564135072,61.063619342532874,0.002592592592592592,0.038351851851851845,-36.90716710348683,-42.22487658683101,-31.86362619066436
burn_in_B,100.0,pre_drift=T,23.35670638890249,59.86027879540909,96.97613564135072,61.063619342532874,0.002666666666666666,0.038351851851851845,-36.50357240650659,-41.980607904494924,-31.260519315618577
beta,0.1,pre_drift=T,24.000028419630258,61.284095303667335,98.71518027395655,62.18258450755237,0.002259259259259259,0.0345925925925926,-37.28406688403708,-43.05094985311317,-31.798378940198045
beta,0.25,pre_drift=T,23.21909053476206,62.7428244904153,98.18601613973156,61.19105659060387,0.0024999999999999996,0.03664814814814816,-39.52373395565325,-45.85932866656984,-33.78402165966487
beta,0.5,pre_drift=T,22.95311169192224,59.86027879540909,96.97613564135072,61.063619342532874,0.002592592592592592,0.038351851851851845,-36.90716710348683,-42.22487658683101,-31.86362619066436
beta,1.0,pre_drift=T,24.032193015205955,60.68730838776739,95.62072192085974,63.13934368708854,0.00237037037037037,0.04542592592592592,-36.65511537256143,-41.516321955479434,-31.609766250011255
beta,2.0,pre_drift=T,35.82590064914372,65.29153563000908,92.9050497362943,74.95118030950425,0.0044444444444444444,0.05818518518518518,-29.46563498086534,-35.348487493021,-23.969641812922642
