agent,C,F,P+F,forced,agreed_share
A2,0.05338333333333333,0.15313888888888888,0.0,0.7934777777777777,0.7684778
A2[detector=F],0.05209444444444444,0.14994444444444444,0.0,0.7979611111111111,0.77296114
A5,0.04661111111111111,0.019333333333333334,0.0,0.9340555555555555,0.90905553
A9,0.27550555555555556,0.6469333333333334,0.0,0.07756111111111111,0.0
B10,0.0,0.03389444444444444,0.9456555555555556,0.02045,
B11,0.0,0.5005,0.4995,0.0,
B2,0.0,0.0,1.0,0.0,
B6,0.0,1.0,0.0,0.0,
DES-UCB,0.036677777777777774,0.17621111111111112,0.0,0.7871111111111111,0.71056664
DES-UCB[detector=F],0.03626666666666667,0.1774388888888889,0.0,0.7862944444444444,0.7099722
DES-UCB[detector=mean],0.036894444444444445,0.10634444444444445,0.0,0.8567611111111111,0.39688888
DES-UCB[purge_keep=half],0.03548333333333333,0.15151666666666666,0.0,0.813,0.73095
"DES-UCB[switch=exp3,adaptive_gamma]",0.06186666666666667,0.15072777777777777,0.0,0.7874055555555556,0.71047777
