method,detector.lam_threshold,switch.eta,regret_none,regret_std_none,n_units,regret_abrupt,regret_std_abrupt,criterion,regret_mean,baselines.sw_window,baselines.bob_gamma,baselines.discount_gamma,baselines.ph_restart_lam_threshold,baselines.dal_alpha,baselines.dal_glr_threshold,baselines.restart_period
DES-UCB,0.5,1.0,2.0118429966070965,1.5082158647166755,40,24.949867679755965,6.072846135794818,1.10650449298759,13.48085533818153,,,,,,,
DES-UCB,0.5,2.0,1.8149771455500112,0.9402628393706585,40,25.358921247132564,6.825422756745877,1.0563167375280864,13.586949196341287,,,,,,,
DES-UCB,0.5,4.0,1.8142228142775654,0.9465728258045024,40,24.74462239822588,5.734415885573487,1.0435742287756264,13.279422606251721,,,,,,,
DES-UCB,0.5,8.0,1.8132075043143392,0.9475761461123737,40,24.53610351579741,5.818504289857076,1.03902317575129,13.174655510055874,,,,,,,
DES-UCB,1.0,1.0,1.720798561110421,0.5746347333494339,40,26.47652443544107,3.8669974413575003,1.0510943666675077,14.098661498275746,,,,,,,
DES-UCB,1.0,2.0,1.6837079936887858,0.5409313427408736,40,27.213659432296122,4.298163497522276,1.0550896646496386,14.448683712992453,,,,,,,
DES-UCB,1.0,4.0,1.6829536624163395,0.5516425529147453,40,27.195771930704883,4.332862016582778,1.0545009061234818,14.43936279656061,,,,,,,
DES-UCB,1.0,8.0,1.6819383524531133,0.5531153150530314,40,27.481722566667848,4.267612846460543,1.0600262190973786,14.58183045956048,,,,,,,
DES-UCB,2.0,1.0,1.720798561110421,0.5746347333494339,40,32.79068386094465,5.78275657920982,1.1797651521783008,17.255741211027534,,,,,,,
DES-UCB,2.0,2.0,1.6837079936887858,0.5409313427408736,40,32.88987940555093,6.269022146919208,1.1707604346559723,17.286793699619857,,,,,,,
DES-UCB,2.0,4.0,1.6829536624163395,0.5516425529147453,40,32.74479590248269,6.073794511104099,1.1675796589948395,17.213874782449516,,,,,,,
DES-UCB,2.0,8.0,1.6819383524531133,0.5531153150530314,40,32.820886768704554,6.251704763919354,1.1688284215049272,17.251412560578835,,,,,,,
B3,,,43.45842566271981,6.400318263037925,40,49.14893068535105,6.288339256865083,3.28105262938529,46.303678174035426,50.0,,,,,,
B3,,,23.643857006433155,3.008730425233134,40,33.39343985979234,4.709494533060821,1.8847040930150067,28.518648433112745,100.0,,,,,,
B3,,,14.394786164330895,1.9765104948705745,40,35.23160193017558,7.191778835784495,1.3705544324018548,24.813194047253237,200.0,,,,,,
B3,,,10.154421603112443,1.6698745895879819,40,51.95985364784747,12.407071771527749,1.3726893190738543,31.057137625479953,400.0,,,,,,
B3,,,8.537512500216504,1.6785123166016176,40,89.41044006764407,25.05369939754115,1.8387425860146187,48.97397628393029,800.0,,,,,,
B4,,,12.81492753588717,2.6607490393826154,40,80.75461507798138,26.22030190705433,1.0045132544163065,46.784771306934275,,0.05,,,,,
B4,,,12.904149485762025,2.875579262937231,40,80.27212324218537,26.49961860863086,1.004980066487171,46.588136363973696,,0.1,,,,,
B4,,,13.009470037375507,2.9893012723635946,40,80.0322036845295,25.076897086910755,1.0075904643605489,46.52083686095251,,0.2,,,,,
B5,,,24.22721113633689,3.7350037797748117,40,36.006711544832946,5.05125193232477,2.0141255399168676,30.11696134058492,,,0.98,,,,
B5,,,15.106372868003257,2.3727374876737395,40,33.169900126742576,6.595536306143792,1.41743819235018,24.138136497372916,,,0.99,,,,
B5,,,10.931180974765827,1.7431232348351182,40,42.82268283464412,11.29173728376709,1.309376155233008,26.876931904704975,,,0.995,,,,
B5,,,8.232910398740659,1.703975700331764,40,96.37473742522566,32.07961835452512,1.952743858995304,52.30382391198316,,,0.999,,,,
B6,,,15.373208415461198,3.3358930961305835,40,31.963377166571536,7.672663154174928,1.5257197183435842,23.668292791016366,,,,0.25,,,
B6,,,10.195718827865145,3.515859845183385,40,28.893095104025427,3.9880389052006464,1.145033429441337,19.544406965945285,,,,0.5,,,
B6,,,8.065127363848466,1.946318276060238,40,31.54548708696708,3.638438062396922,1.0561413947268443,19.805307225407773,,,,1.0,,,
B6,,,7.903248391866798,1.6767509513560264,40,36.988780281392486,5.740635028528046,1.1400972299474963,22.44601433662964,,,,2.0,,,
B6,,,7.903248391866798,1.6767509513560264,40,60.55304915698649,14.922083047243268,1.5478809718891997,34.22814877442664,,,,5.0,,,
B10,,,19.47626708386629,3.3786505635961652,40,168.511055785633,48.34188455710434,1.021228930827367,93.99366143474964,,,,,0.02,2.0,
B10,,,19.47626708386629,3.3786505635961652,40,171.61897032349378,47.872966498007074,1.0308421574736517,95.54761870368003,,,,,0.02,5.0,
B10,,,19.47626708386629,3.3786505635961652,40,171.61897032349378,47.872966498007074,1.0308421574736517,95.54761870368003,,,,,0.02,10.0,
B10,,,46.42715853544682,5.350225858266691,40,161.6478343960578,49.80104995365702,1.6918905798407862,104.0374964657523,,,,,0.05,2.0,
B10,,,46.42715853544682,5.350225858266691,40,186.38670792243846,45.971437417035034,1.7684114736059549,116.40693322894265,,,,,0.05,5.0,
B10,,,46.42715853544682,5.350225858266691,40,199.3092099037935,43.070957725573436,1.808382630750236,122.86818421962016,,,,,0.05,10.0,
B10,,,92.17464021887795,8.845957830545881,40,172.4605784050234,18.042420780867896,2.899777683886117,132.31760931195066,,,,,0.1,2.0,
B10,,,92.17464021887795,8.845957830545881,40,182.50152971253027,19.029032064274848,2.930835790371185,137.33808496570413,,,,,0.1,5.0,
B10,,,92.17464021887795,8.845957830545881,40,210.7545607081633,35.51518061149224,3.018226478595345,151.46460046352064,,,,,0.1,10.0,
B11,,,108.12630690160442,8.173420481479594,40,134.89748363794806,12.03296484559078,7.5433092075196715,121.51189526977623,,,,,,,100.0
B11,,,56.3586955897289,5.2349146240654845,40,77.31613736453085,6.3394964069755355,3.9931259686663445,66.83741647712988,,,,,,,200.0
B11,,,21.440521592898325,2.649474940515242,40,57.101039607855434,9.967766949130358,1.7615483741213132,39.27078060037688,,,,,,,500.0
B11,,,8.497700933518288,1.5806988587141395,40,86.11035720167325,22.253004609877113,1.2540174206375307,47.30402906759577,,,,,,,1000.0
